<?xml version="1.0" encoding="UTF-8"?>
<project-private xmlns="http://www.netbeans.org/ns/project-private/1">
    <editor-bookmarks xmlns="http://www.netbeans.org/ns/editor-bookmarks/2" lastBookmarkId="0"/>
    <open-files xmlns="http://www.netbeans.org/ns/projectui-open-files/2">
        <group>
            <file>file:/D:/USJT/2024-1/GitHub/PSC-Quinta-Mooca/ProjetoGUI/src/Banco/ObtemConexao.java</file>
            <file>file:/D:/USJT/2024-1/GitHub/PSC-Quinta-Mooca/ProjetoGUI/src/Tela/LoginTela.java</file>
            <file>file:/D:/USJT/2024-1/GitHub/PSC-Quinta-Mooca/ProjetoGUI/src/Tela/TelaCadUsu.java</file>
            <file>file:/D:/USJT/2024-1/GitHub/PSC-Quinta-Mooca/ProjetoGUI/src/Classes/Usuario.java</file>
            <file>file:/D:/USJT/2024-1/GitHub/PSC-Quinta-Mooca/ProjetoGUI/src/Tela/TelaMenu.java</file>
        </group>
    </open-files>
</project-private>
